TINLEY PARK,IL
CHICAGO,IL
CHICAGO,IL
CHICAGO,IL
CHICAGO,IL
OAK LAWN,IL
CHICAGO,IL
CHICAGO,IL
CHICAGO,IL
CHICAGO,IL
CHICAGO,IL
CHICAGO,IL
CHICAGO,IL
TINLEY PARK,IL
CHICAGO,IL
CHICAGO,IL
BOLINGBROOK,IL
MOUNT PROSPECT,IL
VILLA PARK,IL
CHICAGO,IL
CHICAGO,IL
CHICAGO,IL
CHICAGO,IL
SKOKIE,IL
CHICAGO,IL
CHICAGO,IL
HOFFMAN ESTATES,IL
CHICAGO,IL
CHICAGO,IL
OAK FOREST,IL
MORTON GROVE,IL
CHICAGO,IL
CHICAGO,IL
CHICAGO,IL
CHICAGO,IL
BERWYN,IL
NORRIDGE,IL
CHICAGO,IL
CHICAGO,IL
RIVERDALE,IL
CHICAGO,IL
CHICAGO,IL
CHICAGO,IL
ROLLING MEADOWS,IL
CHICAGO,IL
CHICAGO,IL
CHICAGO,IL
CHICAGO,IL
CHICAGO,IL
CHICAGO,IL
CHICAGO,IL
CHICAGO,IL
WHEATON,IL
BRIDGEVIEW,IL
CHICAGO,IL
CHICAGO,IL
CHICAGO,IL
CHICAGO,IL
CHICAGO,IL
CHICAGO,IL
CHICAGO,IL
SCHAUMBURG,IL
CHICAGO,IL
CHICAGO,IL
SCHILLER PARK,IL
CHICAGO,IL
CHICAGO,IL
CHICAGO,IL
DES PLAINES,IL
NILES,IL
CHICAGO,IL
CHICAGO,IL
ORLAND PARK,IL
GLENVIEW NAS,IL
GLENVIEW,IL
ROSEMONT,IL
CHICAGO,IL
CHICAGO,IL
CHICAGO,IL
CHICAGO,IL
CHICAGO,IL
CHICAGO,IL
NORTHBROOK,IL
CHICAGO,IL
CHICAGO,IL
CHICAGO,IL
ROUND LAKE BEACH,IL
DES PLAINES,IL
CHICAGO,IL
PHOENIX,IL
SKOKIE,IL
CHICAGO,IL
CHICAGO,IL
CHICAGO,IL
CHICAGO,IL
DES PLAINES,IL
CHICAGO,IL
CHICAGO,IL
PALOS HILLS,IL
CHICAGO,IL
CHICAGO,IL
CHICAGO,IL
CHICAGO,IL
CHICAGO,IL
BOLINGBROOK,IL
SKOKIE,IL
CHICAGO,IL
CHICAGO,IL
CHICAGO,IL
PLAINFIELD,IL
DOLTON,IL
CHICAGO,IL
NILES,IL
CHICAGO,IL
CHICAGO,IL
JOLIET,IL
CHICAGO,IL
HAINESVILLE,IL
CHICAGO,IL
CHICAGO,IL
SUMMIT,IL
HICKORY HILLS,IL
CHICAGO,IL
MATTESON,IL
CHICAGO,IL
CHICAGO,IL
ARLINGTON HEIGHTS,IL
CHICAGO,IL
SUMMIT,IL
CHICAGO,IL
VERNON HILLS,IL
CHICAGO,IL
CHICAGO,IL
CHICAGO,IL
CARBONDALE,IL
CHICAGO,IL
CHICAGO,IL
CHICAGO,IL
CHICAGO,IL
WORTH,IL
CHICAGO,IL
BRIDGEVIEW,IL
PEORIA,IL
CHICAGO,IL
CHICAGO,IL
CHICAGO,IL
CHICAGO,IL
CHICAGO,IL
BERWYN,IL
CHICAGO,IL
CHICAGO,IL
CHICAGO,IL
SKOKIE,IL
GRAYSLAKE,IL
CHICAGO,IL
CHICAGO,IL
CHICAGO,IL
SOUTH HOLLAND,IL
CHICAGO,IL
CHICAGO,IL
CHICAGO,IL
CHICAGO,IL
CHICAGO,IL
CHICAGO,IL
MARKHAM,IL
CHICAGO,IL
CHICAGO,IL
CHICAGO,IL
SKOKIE,IL
CHICAGO,IL
CHICAGO,IL
CHICAGO,IL
CHICAGO,IL
CHICAGO,IL
CHICAGO,IL
CHICAGO,IL
CHICAGO RIDGE,IL
CHICAGO,IL
ORLAND PARK,IL
CHICAGO,IL
CHICAGO RIDGE,IL
CHICAGO,IL
MOUNT PROSPECT,IL
VILLA PARK,IL
PLAINFIELD,IL
SUMMIT,IL
CHICAGO,IL
CHICAGO,IL
SKOKIE,IL
CHICAGO,IL
CHICAGO,IL
CHICAGO,IL
CHICAGO,IL
CHICAGO,IL
BLUE ISLAND,IL
BOLINGBROOK,IL
BRIDGEVIEW,IL
CHICAGO,IL
CHICAGO,IL
SKOKIE,IL
CHICAGO,IL
MOUNT PROSPECT,IL
CHICAGO,IL
CHICAGO,IL
CHICAGO,IL
CHICAGO,IL
CHICAGO,IL
CHICAGO,IL
CHICAGO,IL
CHICAGO,IL
CHICAGO,IL
CHICAGO,IL
CHICAGO,IL
AURORA,IL
CAROL STREAM,IL
WHEATON,IL
CHICAGO,IL
BENSENVILLE,IL
CHICAGO,IL
CHICAGO,IL
CHICAGO,IL
DES PLAINES,IL
CHICAGO,IL
CHICAGO,IL
CHICAGO,IL
CHICAGO,IL
NAPERVILLE,IL
DES PLAINES,IL
CHICAGO,IL
CHICAGO,IL
ELMWOOD PARK,IL
CHICAGO,IL
CHICAGO,IL
CHICAGO,IL
CHICAGO,IL
CHICAGO,IL
CHICAGO,IL
CHICAGO,IL
CHICAGO,IL
ARLINGTON HEIGHTS,IL
CHICAGO,IL
HARWOOD HEIGHTS,IL
CHICAGO,IL
CHICAGO,IL
CHICAGO,IL
MASON,MI
CHICAGO,IL
CHICAGO,IL
CHICAGO RIDGE,IL
CHICAGO,IL
CHICAGO,IL
NILES,IL
CHICAGO,IL
CHICAGO,IL
SCHILLER PARK,IL
CHICAGO,IL
BRIDGEVIEW,IL
BOLINGBROOK,IL
ROLLING MEADOWS,IL
CHICAGO,IL
CHICAGO,IL
CHICAGO,IL
CHICAGO,IL
ELMHURST,IL
CHICAGO,IL
CHICAGO,IL
BURBANK,IL
CHICAGO,IL
CHICAGO,IL
ARLINGTON HEIGHTS,IL
CHICAGO,IL
CHICAGO,IL
BELLWOOD,IL
ORLAND PARK,IL
CHICAGO,IL
CHICAGO,IL
CHICAGO,IL
CHICAGO,IL
CHICAGO,IL
CHICAGO,IL
SCHILLER PARK,IL
CHICAGO,IL
CHICAGO,IL
CHICAGO,IL
CHICAGO,IL
OAK LAWN,IL
PALOS PARK,IL
CHICAGO,IL
CHICAGO,IL
CHICAGO,IL
CHICAGO,IL
CHICAGO,IL
LEMONT,IL
CHICAGO,IL
CHICAGO,IL
CHICAGO,IL
ARLINGTON HEIGHTS,IL
OLYMPIA FIELDS,IL
CHICAGO,IL
CHICAGO,IL
CHICAGO,IL
CHICAGO,IL
CHICAGO,IL
DES PLAINES,IL
CHICAGO,IL
CHICAGO,IL
WOODRIDGE,IL
CHICAGO,IL
MILAN,IL
CHICAGO,IL
SOUTH HOLLAND,IL
CHICAGO,IL
CALUMET CITY,IL
MOUNT PROSPECT,IL
MORTON GROVE,IL
CHICAGO,IL
CHICAGO,IL
SKOKIE,IL
CHICAGO,IL
ROLLING MEADOWS,IL
ROLLING MEADOWS,IL
OAK PARK,IL
CHICAGO,IL
LA GRANGE,IL
SKOKIE,IL
CHICAGO,IL
CHICAGO,IL
CHICAGO,IL
CHICAGO RIDGE,IL
CHICAGO,IL
CHICAGO,IL
CHICAGO,IL
CHICAGO,IL
CHICAGO,IL
WORTH,IL
NAPERVILLE,IL
CHICAGO,IL
CHICAGO,IL
CHICAGO,IL
CHICAGO,IL
CHICAGO,IL
CHICAGO,IL
CHICAGO,IL
CHICAGO,IL
CHICAGO,IL
PARK RIDGE,IL
CHICAGO,IL
CHICAGO,IL
CHICAGO,IL
AURORA,IL
CHICAGO,IL
COUNTRY CLUB HILLS,IL
CICERO,IL
BRIDGEVIEW,IL
CHICAGO,IL
CHICAGO,IL
CHICAGO,IL
CHICAGO,IL
EVANSTON,IL
BURBANK,IL
CHICAGO,IL
CHICAGO,IL
CHICAGO,IL
CHICAGO,IL
ROSEMONT,IL
CHICAGO,IL
CALUMET CITY,IL
ARLINGTON HEIGHTS,IL
CHICAGO,IL
CHICAGO,IL
CHICAGO,IL
CHICAGO,IL
BUFFALO GROVE,IL
CHICAGO,IL
CHICAGO,IL
CHICAGO,IL
CHICAGO,IL
CHICAGO,IL
ORLAND PARK,IL
CHICAGO,IL
CHICAGO,IL
ADDISON,IL
MINOOKA,IL
CHICAGO,IL
CHICAGO,IL
DES PLAINES,IL
CHICAGO,IL
CHICAGO,IL
CHICAGO,IL
CHICAGO,IL
MOUNT PROSPECT,IL
CHICAGO,IL
COUNTRY CLUB HILLS,IL
CHICAGO,IL
SUMMITT,OK
CHICAGO,IL
MELROSE PARK,IL
SOUTH HOLLAND,IL
CHICAGO,IL
CHICAGO,IL
CHICAGO,IL
CHICAGO,IL
CHICAGO,IL
CHICAGO,IL
CHICAGO,IL
CHICAGO,IL
WILMETTE,IL
CHICAGO,IL
CHICAGO,IL
CHICAGO,IL
CHICAGO,IL
CHICAGO,IL
CHICAGO,IL
CHICAGO,IL
CHICAGO,IL
CHICAGO,IL
CHICAGO RIDGE,IL
CHICAGO,IL
CHICAGO,IL
CHICAGO,IL
CHICAGO,IL
CHICAGO,IL
OAK LAWN,IL
CHICAGO,IL
CHICAGO,IL
CHICAGO,IL
CHICAGO,IL
CHICAGO,IL
CHICAGO,IL
CHICAGO,IL
CHICAGO,IL
CHICAGO,IL
OAK LAWN,IL
CHICAGO,IL
CHICAGO,IL
SKOKIE,IL
CHICAGO,IL
CHICAGO,IL
CHICAGO RIDGE,IL
SCHAUMBURG,IL
CHICAGO,IL
CHICAGO,IL
CHICAGO,IL
WILMETTE,IL
SKOKIE,IL
CHICAGO,IL
WHEELING,IL
ELMHURST,IL
CHICAGO,IL
GLENVIEW,IL
CHICAGO,IL
CHICAGO,IL
CHICAGO,IL
GLENVIEW,IL
NILES,IL
ROSEMONT,IL
CHICAGO,IL
SKOKIE,IL
CHICAGO,IL
CHICAGO,IL
CHICAGO RIDGE,IL
CHICAGO RIDGE,IL
BELLWOOD,IL
CHICAGO,IL
CHICAGO,IL
CHICAGO RIDGE,IL
CHICAGO,IL
CHICAGO,IL
OAK LAWN,IL
CICERO,IL
CHICAGO,IL
CHICAGO,IL
CHICAGO,IL
CHICAGO,IL
SKOKIE,IL
CHICAGO,IL
CHICAGO,IL
CHICAGO,IL
CHICAGO,IL
CHICAGO,IL
CHICAGO,IL
CALUMET CITY,IL
OAK PARK,IL
RIVER FOREST,IL
CHICAGO,IL
CHICAGO,IL
BRIDGEVIEW,IL
SKOKIE,IL
CHICAGO,IL
CHICAGO,IL
CHICAGO,IL
CHICAGO,IL
CHICAGO,IL
CHICAGO,IL
CHICAGO,IL
CHICAGO,IL
JOLIET,IL
CHICAGO,IL
CHICAGO,IL
CHICAGO,IL
CHICAGO,IL
CHICAGO,IL
HINSDALE,IL
MOUNT PROSPECT,IL
CHICAGO,IL
CHICAGO,IL
EVANSTON,IL
CHICAGO,IL
CHICAGO,IL
NILES,IL
LINCOLNWOOD,IL
ADDISON,IL
CHICAGO,IL
OAK LAWN,IL
SUMMIT,IL
CHICAGO,IL
TINLEY PARK,IL
DEKALB,IL
CHICAGO,IL
CHICAGO,IL
CHICAGO,IL
CHICAGO,IL
CHICAGO,IL
CHICAGO,IL
CHICAGO,IL
CHICAGO,IL
WORTH,IL
CHICAGO,IL
CHICAGO,IL
CHICAGO,IL
CHICAGO,IL
TINLEY PARK,IL
CHICAGO,IL
DES PLAINES,IL
MOUNT PROSPECT,IL
PEORIA,IL
SKOKIE,IL
CHICAGO,IL
CHICAGO,IL
CHICAGO,IL
PARK RIDGE,IL
CHICAGO,IL
CHICAGO,IL
CHICAGO,IL
CHICAGO,IL
CHICAGO,IL
CHICAGO,IL
CHICAGO,IL
CHICAGO,IL
CHICAGO,IL
CHICAGO,IL
CHICAGO,IL
CHICAGO,IL
CHICAGO,IL
DES PLAINES,IL
CHICAGO,IL
SCHILLER PARK,IL
COUNTRY CLUB HILLS,IL
CHICAGO,IL
CHICAGO,IL
CHICAGO,IL
CHICAGO,IL
CHICAGO,IL
HICKORY HILLS,IL
CHICAGO,IL
CHICAGO,IL
SKOKIE,IL
DES PLAINES,IL
CHICAGO,IL
CHICAGO,IL
CHICAGO,IL
BLOOMINGDALE,IL
CHICAGO,IL
CHICAGO,IL
CHICAGO,IL
NORTHBROOK,IL
CHICAGO,IL
DES PLAINES,IL
CHICAGO,IL
HOMETOWN,IL
COUNTRY CLUB HILLS,IL
CHICAGO,IL
CHICAGO,IL
CHICAGO,IL
PALOS HILLS,IL
SKOKIE,IL
DES PLAINES,IL
DES PLAINES,IL
CALUMET CITY,IL
CHICAGO,IL
CHICAGO,IL
OAK LAWN,IL
CHICAGO,IL
CHICAGO,IL
CHICAGO,IL
CHICAGO,IL
CHICAGO,IL
CHICAGO,IL
DES PLAINES,IL
CHICAGO,IL
WEST CHICAGO,IL
CHICAGO,IL
HANOVER PARK,IL
CHICAGO,IL
CHICAGO,IL
CHICAGO,IL
CHICAGO,IL
CHICAGO,IL
CHICAGO,IL
CHICAGO,IL
OLYMPIA FIELDS,IL
CHICAGO,IL
CHICAGO,IL
CHICAGO,IL
HOFFMAN ESTATES,IL
CHICAGO,IL
CHICAGO,IL
CHICAGO,IL
CHICAGO,IL
CHICAGO,IL
CHICAGO,IL
CHICAGO,IL
CHICAGO,IL
CHICAGO,IL
GREEN BAY,WI
CHICAGO,IL
BRIDGEVIEW,IL
ELMWOOD PARK,IL
CHICAGO,IL
CHICAGO,IL
CHICAGO,IL
PROSPECT HEIGHTS,IL
GLENVIEW,IL
CHICAGO,IL
CHICAGO,IL
WOODRIDGE,IL
WADSWORTH,IL
GLENVIEW,IL
CHICAGO,IL
CHICAGO,IL
CHICAGO,IL
CHICAGO,IL
CHICAGO,IL
CHICAGO,IL
SKOKIE,IL
CHICAGO,IL
CHICAGO,IL
CHICAGO,IL
CHICAGO,IL
HICKORY HILLS,IL
HAZEL CREST,IL
CHICAGO,IL
CHICAGO,IL
BERWYN,IL
GLENVIEW,IL
CHICAGO,IL
CHICAGO,IL
CHICAGO,IL
CHICAGO,IL
SCHAUMBURG,IL
CHICAGO,IL
CHICAGO,IL
CHICAGO,IL
CHICAGO,IL
CHICAGO,IL
CHICAGO,IL
CHICAGO,IL
CHICAGO,IL
CHICAGO,IL
CHICAGO,IL
LINCOLNWOOD,IL
RIVER GROVE,IL
LINCOLNWOOD,IL
CHICAGO,IL
CHICAGO,IL
CHICAGO,IL
EVANSTON,IL
CHICAGO,IL
CHICAGO,IL
LA GRANGE PARK,IL
CHICAGO,IL
MOUNT PROSPECT,IL
CHICAGO,IL
CHICAGO,IL
CHICAGO,IL
CHICAGO,IL
COLUMBUS,OH
CHICAGO,IL
NORRIDGE,IL
CHICAGO,IL
CHICAGO,IL
CHICAGO,IL
BERWYN,IL
SKOKIE,IL
CHICAGO,IL
CHICAGO,IL
MOUNT PROSPECT,IL
CICERO,IL
CHICAGO,IL
CHICAGO,IL
CHICAGO,IL
CHICAGO,IL
CHICAGO,IL
CHICAGO,IL
CHICAGO,IL
CHICAGO,IL
CHICAGO,IL
CHICAGO HEIGHTS,IL
CHICAGO,IL
CHICAGO,IL
CHICAGO,IL
CHICAGO,IL
CHICAGO,IL
CHICAGO,IL
CHICAGO,IL
CHICAGO,IL
CHICAGO,IL
DES PLAINES,IL
CHICAGO,IL
CHICAGO,IL
CHICAGO,IL
CHICAGO,IL
CHICAGO,IL
CHICAGO,IL
ELMWOOD PARK,IL
CHICAGO,IL
CHICAGO,IL
CHICAGO,IL
OAKBROOK TERRACE,IL
CHICAGO,IL
CHICAGO,IL
CHARLESTON,IL
CHICAGO,IL
MATTESON,IL
CHICAGO,IL
SCHAUMBURG,IL
CHICAGO,IL
CHICAGO,IL
CHICAGO,IL
CHICAGO,IL
CHICAGO,IL
GLENVIEW,IL
CHICAGO,IL
CHICAGO,IL
CHICAGO,IL
CHICAGO,IL
CHICAGO,IL
OAK PARK,IL
CHICAGO,IL
DES PLAINES,IL
ARLINGTON HEIGHTS,IL
CHICAGO,IL
BRIDGEVIEW,IL
BOLINGBROOK,IL
LINCOLNWOOD,IL
LINCOLNWOOD,IL
CHICAGO,IL
CHICAGO,IL
AURORA,IL
CHICAGO,IL
DES PLAINES,IL
CHICAGO,IL
CHICAGO,IL
BLOOMINGDALE,IL
FOREST PARK,IL
BLOOMINGDALE,IL
CHICAGO,IL
SKOKIE,IL
CHICAGO,IL
CHICAGO,IL
CHICAGO,IL
CHICAGO,IL
CHICAGO,IL
CHICAGO,IL
DES PLAINES,IL
CHICAGO,IL
LAKE IN THE HILLS,IL
CHICAGO,IL
CHICAGO,IL
CHICAGO,IL
CHICAGO,IL
DES PLAINES,IL
CHICAGO,IL
NORTHBROOK,IL
CHICAGO,IL
CHICAGO RIDGE,IL
CHICAGO,IL
CHICAGO,IL
ORLAND PARK,IL
CHICAGO,IL
CHICAGO,IL
ROCKFORD,IL
CHICAGO,IL
CHICAGO,IL
CHICAGO,IL
CHICAGO,IL
CHICAGO,IL
CHICAGO,IL
CHICAGO,IL
CHICAGO,IL
DES PLAINES,IL
CHICAGO,IL
CHICAGO,IL
CHICAGO,IL
ELMHURST,IL
DES PLAINES,IL
WESTCHESTER,IL
DES PLAINES,IL
CHICAGO,IL
SKOKIE,IL
CHICAGO,IL
CHICAGO,IL
CHICAGO,IL
CHICAGO,IL
CHICAGO,IL
CHICAGO,IL
GLENVIEW,IL
CHICAGO,IL
CHICAGO,IL
CHICAGO,IL
CHICAGO,IL
CHICAGO,IL
CHICAGO,IL
LINCOLNWOOD,IL
CHICAGO,IL
CHICAGO,IL
CHICAGO,IL
CHICAGO,IL
CHICAGO,IL
FRANKFORT,IL
LAKE ZURICH,IL
CHICAGO,IL
CHICAGO,IL
CHICAGO,IL
CHICAGO,IL
BERWYN,IL
CHICAGO,IL
SKOKIE,IL
CHICAGO,IL
CHICAGO,IL
CHICAGO,IL
CHICAGO,IL
PARK RIDGE,IL
CHICAGO,IL
ELGIN,IL
CAROL STREAM,IL
CHICAGO,IL
CHICAGO,IL
GLENVIEW,IL
CHICAGO,IL
CHICAGO,IL
CHICAGO,IL
CHICAGO,IL
CHICAGO,IL
CHICAGO,IL
CHICAGO,IL
CHICAGO,IL
CHICAGO,IL
CHICAGO,IL
CHICAGO,IL
CHICAGO,IL
CHICAGO,IL
CHICAGO,IL
CHICAGO,IL
CHICAGO,IL
CHICAGO,IL
CHICAGO,IL
CHICAGO,IL
GLENVIEW,IL
CHICAGO,IL
CHICAGO,IL
CHICAGO,IL
CHICAGO,IL
TINLEY PARK,IL
CHICAGO,IL
CHICAGO,IL
CHICAGO,IL
ELK GROVE VILLAGE,IL
NILES,IL
CHICAGO,IL
CHICAGO,IL
CHICAGO,IL
CHICAGO,IL
DES PLAINES,IL
DES PLAINES,IL
DES PLAINES,IL
CHICAGO,IL
CHICAGO,IL
CHICAGO,IL
DES PLAINES,IL
CHICAGO,IL
CHICAGO,IL
CHICAGO,IL
CHICAGO,IL
CHICAGO,IL
CHICAGO,IL
FRANKLIN PARK,IL
CHICAGO,IL
CHICAGO,IL
CHICAGO,IL
CHICAGO,IL
CHICAGO,IL
CHICAGO,IL
CHICAGO,IL
CHICAGO,IL
CHICAGO,IL
JOLIET,IL
ELBURN,IL
CHICAGO,IL
CHICAGO,IL
CALUMET CITY,IL
CHICAGO,IL
CHICAGO,IL
CHICAGO,IL
SCHAUMBURG,IL
MOUNT PROSPECT,IL
CHICAGO,IL
FOREST PARK,IL
CHICAGO,IL
FRANKFORT,IL
CHICAGO,IL
CHICAGO,IL
CHICAGO,IL
CHICAGO,IL
CHICAGO,IL
CHICAGO,IL
CHICAGO,IL
SPRINGFIELD,IL
DES PLAINES,IL
JOLIET,IL
CHICAGO,IL
CHICAGO,IL
CHICAGO,IL
CHICAGO,IL
BRIDGEVIEW,IL
CHICAGO,IL
CHICAGO,IL
CHICAGO,IL
CHICAGO,IL
CHICAGO,IL
CHICAGO,IL
BRIDGEVIEW,IL
CHICAGO,IL
CHICAGO,IL
CHICAGO,IL
CHICAGO,IL
CHICAGO,IL
CHICAGO,IL
CHICAGO,IL
GEORGETOWN,IL
CHICAGO,IL
BRIDGEVIEW,IL
CHICAGO,IL
GLENVIEW,IL
CHICAGO,IL
GLENVIEW,IL
CHICAGO,IL
ORLAND PARK,IL
BOLINGBROOK,IL
HARVEY,IL
CHICAGO,IL
HICKORY HILLS,IL
CHICAGO,IL
CHICAGO,IL
CHICAGO,IL
CHICAGO,IL
CHICAGO,IL
CHICAGO,IL
CHICAGO,IL
ARLINGTON HEIGHTS,IL
CHICAGO,IL
CHICAGO,IL
CHICAGO,IL
CHICAGO,IL
MONTGOMERY,IL
CHICAGO,IL
CHICAGO,IL
CHICAGO,IL
CHICAGO,IL
CHICAGO,IL
RIVERSIDE,IL
CHICAGO,IL
CHICAGO,IL
CHICAGO,IL
CHICAGO,IL
CHICAGO,IL
CHICAGO,IL
CHICAGO,IL
CHICAGO,IL
CHICAGO,IL
CHICAGO,IL
MOUNT PROSPECT,IL
CHICAGO,IL
BURBANK,IL
CHICAGO,IL
CHICAGO,IL
CHICAGO,IL
ORLAND PARK,IL
CHICAGO,IL
CHICAGO,IL
